{
    "uvs": [],
    "name": "Icosphere.009Geometry.1",
    "vertices": [-1.57583,1.37613,5.08899,-1.71584,2.2841,5.7163,-0.866575,2.22851,4.99993,-0.534617,1.27522,5.46745,-1.38388,1.33081,6.18382,-0.674627,2.1832,6.09476,-2.57374,1.91001,5.03402,-2.65401,2.43058,5.39367,-2.16711,2.39871,4.98296,-1.97679,1.85216,5.251,-2.46369,1.88403,5.66172,-2.05706,2.37273,5.61065,-1.77099,2.01728,4.9631,-2.14264,2.62979,5.34649,-1.33174,2.61391,5.29683,-1.32605,1.87156,5.62723,-2.13695,1.88744,5.67689,-1.6977,2.48407,6.01063,-1.78212,3.25375,-2.49777,-0.853674,3.04548,-1.72566,-1.69575,3.89403,-1.45654,-1.65734,4.91651,-2.80954,-1.02421,3.39466,-3.37687,0.137161,3.62006,-2.16116,-0.850449,4.6828,-1.28211,-0.17891,4.18343,-3.20244,-0.092539,4.82371,-2.16122,-2.64514,4.04716,-2.64183,-3.34905,4.40996,-2.39069,-3.31307,4.86144,-3.08715,-2.24216,4.62122,-2.19657,-2.91009,5.4355,-2.64189,-2.20618,5.0727,-2.89303,-2.29694,3.83668,-2.82352,-2.52169,4.9587,-3.38196,-1.44245,4.32965,-3.62859,-1.18736,4.27863,-2.38214,-2.26661,4.90768,-2.13551,-1.41211,5.40066,-2.94058,4.54946,1.99871,-1.54728,3.99886,2.85376,-1.42864,3.52732,1.95989,-1.59292,4.08326,1.82261,-2.4417,4.55479,2.71649,-2.27743,3.53266,2.67767,-2.32307,4.43387,2.47302,-0.615044,4.20414,3.08894,-0.82576,4.63455,2.72599,-1.22518,4.17341,2.21951,-1.09588,3.95019,2.87854,-0.82167,3.51676,2.50907,-1.3064,4.08504,2.4791,-1.79169,4.51847,2.84858,-1.30696,3.86182,3.13813,-1.51748,-3.32838,2.56732,2.4654,-2.66738,3.16691,1.96348,-2.34419,2.29478,2.3916,-2.72587,2.59572,3.29276,-3.04906,3.46785,2.86464,-2.06487,3.19531,2.79084,-3.32523,2.65285,1.41656,-3.32309,3.343,1.43169,-2.97206,2.98624,1.90713,-3.02103,2.52152,1.92008,-2.74301,2.97139,1.39124,-2.29315,2.69336,1.92008,-2.74301,2.97139,2.44891,-3.19286,3.24941,1.92008,-2.46498,3.42125,1.92008],
    "metadata": {
        "uvs": 0,
        "type": "Geometry",
        "version": 3,
        "materials": 1,
        "generator": "io_three",
        "vertices": 69,
        "faces": 90,
        "normals": 63
    },
    "faces": [34,0,2,3,0,0,1,2,34,0,1,2,0,0,3,1,34,0,3,4,0,0,2,4,34,1,0,4,0,3,0,4,34,2,5,3,0,1,5,2,34,2,1,5,0,1,3,5,34,4,3,5,0,4,2,5,34,1,4,5,0,3,4,5,34,6,8,9,0,0,1,2,34,6,7,8,0,0,3,1,34,6,9,10,0,0,2,4,34,7,6,10,0,3,0,4,34,8,11,9,0,1,5,2,34,8,7,11,0,1,3,5,34,10,9,11,0,4,2,5,34,7,10,11,0,3,4,5,34,12,14,15,0,6,7,8,34,12,13,14,0,6,9,7,34,12,15,16,0,6,8,10,34,13,12,16,0,9,6,10,34,14,17,15,0,7,11,8,34,14,13,17,0,7,9,11,34,16,15,17,0,10,8,11,34,13,16,17,0,9,10,11,34,18,22,19,0,12,13,14,34,18,19,20,0,12,14,15,34,18,20,21,0,12,15,16,34,18,21,22,0,12,16,13,34,19,22,23,0,14,13,17,34,20,19,24,0,15,14,18,34,21,20,24,0,16,15,18,34,22,25,23,0,13,19,17,34,19,23,24,0,14,17,18,34,22,21,25,0,13,16,19,34,23,25,26,0,17,19,20,34,24,23,26,0,18,17,20,34,21,24,26,0,16,18,20,34,25,21,26,0,19,16,20,34,27,28,29,0,21,22,23,34,27,29,32,0,21,23,24,34,28,27,30,0,22,21,25,34,29,28,31,0,23,22,26,34,27,32,30,0,21,24,25,34,28,30,31,0,22,25,26,34,29,31,32,0,23,26,24,34,31,30,32,0,26,25,24,34,33,35,36,0,27,28,29,34,33,34,35,0,27,30,28,34,33,36,37,0,27,29,31,34,34,33,37,0,30,27,31,34,35,38,36,0,28,32,29,34,35,34,38,0,28,30,32,34,37,36,38,0,31,29,32,34,34,37,38,0,30,31,32,34,39,41,42,0,33,34,35,34,39,40,41,0,33,36,34,34,39,42,43,0,33,35,37,34,40,39,43,0,36,33,37,34,41,44,42,0,34,38,35,34,41,40,44,0,34,36,38,34,43,42,44,0,37,35,38,34,40,43,44,0,36,37,38,34,46,45,47,0,39,40,41,34,45,46,47,0,40,39,41,34,48,50,51,0,42,43,44,34,48,49,50,0,42,45,43,34,48,51,52,0,42,44,46,34,49,48,52,0,45,42,46,34,50,53,51,0,43,47,44,34,50,49,53,0,43,45,47,34,52,51,53,0,46,44,47,34,49,52,53,0,45,46,47,34,54,56,57,0,48,49,50,34,54,55,56,0,48,51,49,34,54,57,58,0,48,50,52,34,55,54,58,0,51,48,52,34,56,59,57,0,49,53,50,34,56,55,59,0,49,51,53,34,58,57,59,0,52,50,53,34,55,58,59,0,51,52,53,34,60,62,61,0,54,55,56,34,60,61,62,0,54,56,55,34,63,65,66,0,57,58,59,34,63,64,65,0,57,60,58,34,63,66,67,0,57,59,61,34,64,63,67,0,60,57,61,34,65,68,66,0,58,62,59,34,65,64,68,0,58,60,62,34,67,66,68,0,61,59,62,34,64,67,68,0,60,61,62],
    "normals": [-0.572802,-0.512986,-0.639271,0.328806,0.570605,-0.752495,0.750816,-0.641255,-0.158177,-0.750816,0.641255,0.158177,-0.328806,-0.570605,0.752495,0.572802,0.512986,0.639271,-0.063753,-0.406171,-0.911527,0.700674,0.63216,-0.330699,0.710593,-0.65981,0.244301,-0.710593,0.65981,-0.244301,-0.700674,-0.63216,0.330699,0.063753,0.406171,0.911557,-0.767907,-0.617969,-0.168584,-0.072298,-0.520249,-0.850917,0.145695,-0.848079,0.509415,-0.69454,-0.074252,0.715567,-0.584124,0.712119,-0.389447,0.891049,-0.415845,0.181799,0.068636,0.524735,0.848476,0.607929,0.179846,-0.773339,0.681265,0.723563,0.110843,0.210364,-0.966338,-0.148015,-0.788812,-0.385022,0.479049,-0.669759,0.106662,-0.734855,0.788812,0.385022,-0.479049,0.669759,-0.106662,0.734855,-0.210364,0.966338,0.148015,-0.491348,-0.868496,0.065004,0.457656,-0.320994,-0.829127,0.740989,-0.377636,0.555223,-0.740989,0.377636,-0.555223,-0.457656,0.320994,0.829127,0.491348,0.868496,-0.065004,0.7022,-0.468886,0.535752,-0.709555,-0.522507,0.472701,0.05826,-0.712119,-0.699606,-0.05826,0.712119,0.699606,0.709555,0.522507,-0.472701,-0.7022,0.468886,-0.535752,0.436415,-0.87286,0.218207,0.518448,-0.829554,0.207373,0.458052,-0.858882,0.229011,0.294565,-0.868496,0.398602,-0.94705,-0.320994,0.000519,0.127476,-0.377636,-0.917112,-0.127476,0.377636,0.917112,0.94705,0.320994,-0.000519,-0.294565,0.868496,-0.398602,-0.872555,-0.433668,-0.224738,0.48677,-0.810114,-0.32667,-0.040376,-0.394452,0.917997,0.040376,0.394452,-0.917997,-0.48677,0.810114,0.32667,0.872555,0.433668,0.224738,-0.741661,0.591693,0.315928,-0.642628,0.645711,0.412366,-0.674551,0.678579,0.290597,-0.525712,-0.850642,0,0.850642,-0.525712,0,0,0,1,0,0,-1,-0.850642,0.525712,0,0.525712,0.850642,0],
    "materials": [{
        "wireframe": false,
        "visible": true,
        "DbgName": "Cloud",
        "DbgColor": 15658734,
        "colorAmbient": [0.8,0.8,0.8],
        "blending": "NormalBlending",
        "opacity": 1,
        "depthTest": true,
        "colorDiffuse": [0.8,0.8,0.8],
        "transparent": false,
        "depthWrite": true,
        "DbgIndex": 0,
        "colorEmissive": [0,0,0],
        "shading": "lambert"
    }]
}